{
  "0": {
    "precision": 0.5021872265966754,
    "recall": 0.5797979797979798,
    "f1-score": 0.5382090951711205,
    "support": 990.0
  },
  "1": {
    "precision": 0.514585764294049,
    "recall": 0.43663366336633663,
    "f1-score": 0.4724156400642742,
    "support": 1010.0
  },
  "accuracy": 0.5075,
  "macro avg": {
    "precision": 0.5083864954453622,
    "recall": 0.5082158215821582,
    "f1-score": 0.5053123676176974,
    "support": 2000.0
  },
  "weighted avg": {
    "precision": 0.5084484881338491,
    "recall": 0.5075,
    "f1-score": 0.5049834003421632,
    "support": 2000.0
  }
}