{
  "0": {
    "precision": 0.49907407407407406,
    "recall": 0.5444444444444444,
    "f1-score": 0.5207729468599034,
    "support": 990.0
  },
  "1": {
    "precision": 0.5097826086956522,
    "recall": 0.4643564356435644,
    "f1-score": 0.48601036269430054,
    "support": 1010.0
  },
  "accuracy": 0.504,
  "macro avg": {
    "precision": 0.5044283413848631,
    "recall": 0.5044004400440044,
    "f1-score": 0.503391654777102,
    "support": 2000.0
  },
  "weighted avg": {
    "precision": 0.504481884057971,
    "recall": 0.504,
    "f1-score": 0.5032178418562739,
    "support": 2000.0
  }
}