{
  "0": {
    "precision": 0.4966698382492864,
    "recall": 0.5272727272727272,
    "f1-score": 0.5115139637432631,
    "support": 990.0
  },
  "1": {
    "precision": 0.5068493150684932,
    "recall": 0.4762376237623762,
    "f1-score": 0.49106687085247575,
    "support": 1010.0
  },
  "accuracy": 0.5015,
  "macro avg": {
    "precision": 0.5017595766588898,
    "recall": 0.5017551755175518,
    "f1-score": 0.5012904172978694,
    "support": 2000.0
  },
  "weighted avg": {
    "precision": 0.5018104740429858,
    "recall": 0.5015,
    "f1-score": 0.5011881818334154,
    "support": 2000.0
  }
}